{
	"name": "VENOM-60MX-6.25U",

	"vendorId": "0x0483",
	"productId": "0x5206",
  
	"matrix": { "rows": 5, "cols": 14 },

  "menus": [
    {
      "label": "Lighting",
      "content": [
        {
          "label": "INDICATORS",
          "content": [
            {
              "label": "Caps Enable",
              "type": "toggle",
              "content": ["id_qmk_led_caps_enable", 6, 1]
            },            
            {
              "showIf": "{id_qmk_led_caps_enable} == 1",
              "label": "Caps Brightness",
              "type": "range",
              "options": [0, 255],
              "content": ["id_qmk_led_caps_brightness", 6, 2]
            },
            {
              "showIf": "{id_qmk_led_caps_enable} == 1",
              "label": "Caps Color",
              "type": "color",
              "content": ["id_qmk_led_caps_color", 6, 3]
            }
          ]
        }
      ]
    },
    {
      "label": "FEATURE",
      "content": [
        {
          "label": "SOCD",
          "content": [
            {
              "label": "KEY BIND 1",
              "type": "toggle",
              "content": ["id_qmk_kill_switch_enable_lr", 10, 1]
            },            
            {
              "showIf": "{id_qmk_kill_switch_enable_lr} == 1",
              "label": "- KEY 1",
              "type": "keycode",
              "content": ["id_qmk_kill_switch_left", 10, 2]
            },
            {
              "showIf": "{id_qmk_kill_switch_enable_lr} == 1",
              "label": "- KEY 2",
              "type": "keycode",
              "content": ["id_qmk_kill_switch_right", 10, 3]
            },
            {
              "label": "KEY BIND 2",
              "type": "toggle",
              "content": ["id_qmk_kill_switch_enable_ud", 11, 1]
            },            
            {
              "showIf": "{id_qmk_kill_switch_enable_ud} == 1",
              "label": "- KEY 1",
              "type": "keycode",
              "content": ["id_qmk_kill_switch_up", 11, 2]
            },
            {
              "showIf": "{id_qmk_kill_switch_enable_ud} == 1",
              "label": "- KEY 2",
              "type": "keycode",
              "content": ["id_qmk_kill_switch_down", 11, 3]
            }            
          ]
        },
        {
          "label": "Anti-Ghosting",
          "content": [
            {
              "label": "Enable",
              "type": "toggle",
              "content": ["id_qmk_kkuk_enable", 12, 1]
            },            
            {
              "showIf": "{id_qmk_kkuk_enable} == 1",
              "label": "First Delay Time",
              "type": "dropdown",
              "options": [
                ["50 ms",  5],
                ["100 ms", 10],
                ["150 ms", 15],
                ["200 ms", 20],
                ["250 ms", 25],
                ["300 ms", 30]
              ],
              "content": ["id_qmk_kkuk_delay_time", 12, 2]
            },
            {
              "showIf": "{id_qmk_kkuk_enable} == 1",
              "label": "Repeat Time",
              "type": "dropdown",
              "options": [
                ["50 ms",   5],
                ["60 ms",   6],
                ["70 ms",   7],
                ["80 ms",   8],
                ["90 ms",   9],
                ["100 ms", 10],
                ["200 ms", 20]
              ],
              "content": ["id_qmk_kkuk_repeat_time", 12, 3]
            }
          ]
        }      
      ]
    },    
    {
      "label": "SYSTEM",
      "content": [
        {
          "label": "VERSION",
          "content": [
            {
              "label": "Year",
              "type": "dropdown",
              "options": ["24","25","26","27","28","29","30","31","32","33"],
              "content": ["id_qmk_ver_yy", 8, 1]
            },
            {
              "label": "Month",
              "type": "dropdown",
              "options": ["01","02","03","04","05","06","07","08","09","10","11","12"],
              "content": ["id_qmk_ver_mm", 8, 2]
            },            
            {
              "label": "Day",
              "type": "dropdown",
              "options": ["01","02","03","04","05","06","07","08","09","10",
                          "11","12","13","14","15","16","17","18","19","20",
                          "21","22","23","24","25","26","27","28","29","30","31"],
              "content": ["id_qmk_ver_dd", 8, 3]
            },
            {
              "label": "Rev.",
              "type": "dropdown",
              "options": ["R1","R2","R3","R4","R5","R6","R7","R8","R9"],
              "content": ["id_qmk_ver_rv", 8, 4]
            }                     
          ]
        },
        {
          "label": "BOOT",
          "content": [
            {
              "label": "Jump To BOOT",
              "type": "toggle",
              "content": ["id_qmk_system_dfu", 9, 1]
            }                           
          ]
        },
        {
          "label": "CLEAN",
          "content": [
            {
              "label": "EEPROM Clean Confirm 1",
              "type": "toggle",
              "content": ["id_qmk_system_reset_0", 9, 2]
            },
            {
              "label": "EEPROM Clean Confirm 2",
              "type": "toggle",
              "content": ["id_qmk_system_reset_1", 9, 3]
            },
            {
              "label": "Are you sure ?",
              "type": "toggle",
              "content": ["id_qmk_system_reset_done", 9, 4]
            }                           
          ]
        }        
      ]
    }
  ],
  
	"layouts": {
    
		"keymap": [
      [
        {
          "c": "#777777"
        },
        "0,0",
        {
          "c": "#cccccc"
        },
        "0,1",
        "0,2",
        "0,3",
        "0,4",
        "0,5",
        "0,6",
        "0,7",
        "0,8",
        "0,9",
        "0,10",
        "0,11",
        "0,12",
        {
          "c": "#aaaaaa",
          "w": 2
        },
        "0,13"
      ],
      [
        {
          "w": 1.5
        },
        "1,0",
        {
          "c": "#cccccc"
        },
        "1,1",
        "1,2",
        "1,3",
        "1,4",
        "1,5",
        "1,6",
        "1,7",
        "1,8",
        "1,9",
        "1,10",
        "1,11",
        "1,12",
        {
          "c": "#aaaaaa",
          "w": 1.5
        },
        "1,13"
      ],
      [
        {
          "w": 1.75
        },
        "2,0",
        {
          "c": "#cccccc"
        },
        "2,2",
        "2,3",
        "2,4",
        "2,5",
        "2,6",
        "2,7",
        "2,8",
        "2,9",
        "2,10",
        "2,11",
        "2,12",
        {
          "c": "#aaaaaa",
          "w": 2.25
        },
        "2,13"
      ],
      [
        {
          "w": 2.25
        },
        "3,0",
        {
          "c": "#cccccc"
        },
        "3,2",
        "3,3",
        "3,4",
        "3,5",
        "3,6",
        "3,7",
        "3,8",
        "3,9",
        "3,10",
        "3,11",
        {
          "c": "#aaaaaa",
          "w": 2.75
        },
        "3,13"
      ],
      [
        {
          "w": 1.25
        },
        "4,0",
        {
          "w": 1.25
        },
        "4,1",
        {
          "w": 1.25
        },
        "4,2",
        {
          "c": "#cccccc",
          "w": 6.25
        },
        "4,6",
        {
          "c": "#aaaaaa",
          "w": 1.25
        },
        "4,10",
        {
          "w": 1.25
        },
        "4,11",
        {
          "w": 1.25
        },
        "4,12",
        {
          "w": 1.25
        },
        "4,13"
      ]
		]
	}
}
