{
	"name": "ZUOYA GMK67-S",
	"vendorId": "0x320F",
	"productId": "0x5055",
	"keycodes": ["qmk_lighting"],
	"menus": 
	[
		{
			"label": "Lighting",
			"content":
			[
				{
					"label": "Backlight",
					"content":
					[
						{
							"label": "Brightness",
							"type": "range",
							"options": [0, 9],
							"content": ["id_qmk_rgb_matrix_brightness", 3, 1]
						},
						{
							"label": "Effect",
							"type": "dropdown",
							"content": ["id_qmk_rgb_matrix_effect", 3, 2],
							"options":
							[
								[ "OFF_MODE", 0 ],
								[ "WAVE_MODE", 1 ],
								[ "COLOUR_CLOUD_MODE", 2 ],
								[ "VORTEX_MODE", 3 ],
								[ "MIX_COLOUR_MODE", 4 ],
								[ "BREATHE_MODE", 5 ],
								[ "LIGHT_MODE", 6 ],
								[ "SLOWLY_OFF_MODE", 7 ],
								[ "STONE_MODE", 8 ],
								[ "LASER_MODE", 9 ],
								[ "STARRY_MODE", 10 ],
								[ "FLOWERS_OPEN_MODE", 11 ],
								[ "TRAVERSE_MODE", 12 ],
								[ "WAVE_BAR_MODE", 13 ],
								[ "METEOR_MODE", 14 ],
								[ "RAIN_MODE", 15 ],
								[ "SCAN_MODE", 16 ],
								[ "TRIGGER_COLOUR_MODE", 17 ],
								[ "CENTER_SPREAD_MODE", 18 ]
							]
						},
						{
							"showIf": "{id_qmk_rgb_matrix_effect} != 0",
							"label": "Effect Speed",
							"type": "range",
							"options": [0, 4],
							"content": ["id_qmk_rgb_matrix_effect_speed", 3, 3]
						},
						{
							"showIf": "{id_qmk_rgb_matrix_effect} != 0 && {id_qmk_rgb_matrix_effect} != 24 && {id_qmk_rgb_matrix_effect} != 28 && {id_qmk_rgb_matrix_effect} != 29 && {id_qmk_rgb_matrix_effect} != 32",
							"label": "Color",
							"type": "color",
							"content": ["id_qmk_rgb_matrix_color", 3, 4]
						}
					]
				}
			]
		}
	],
	"matrix": { "rows": 8, "cols": 14 },
	"customKeycodes": [
		{"name": "2.4G MODE", "title": "Keyboard data output 2.4G", "shortName": "2.4G MODE"},
		{"name": "Bluetooth 1", "title": "Bluetooth working connection 1", "shortName": "BT 1"},
		{"name": "Bluetooth 2", "title": "Bluetooth working connection 2", "shortName": "BT 2"},
		{"name": "Bluetooth 3", "title": "Bluetooth working connection 3", "shortName": "BT 3"},
		{"name": "LOCK WIN KEY", "title": "lock win key", "shortName": "LOCK WIN KEY"},
		{"name": "KEY SCAN DELAY", "title": "KEY SCAN DELAY", "shortName": "KSDELAY"},
		{"name": "VIA V2 V3", "title": "Via Work Mode Changhe", "shortName": "VIA_2_3.0"},
		{"name": "OLED SET UP", "title": "OLED KEY", "shortName": "OLEDSUP"},
		{"name": "OLED POWER ON OFF", "title": "Oled power on off", "shortName": "OLED POWER"}
	],
	"layouts": {
		"keymap": [
			[
				{ "c":"#777777" },
				{ "w":1.0,  "h":1.0,  "x":0.0 },  "1,0",
				{ "c":"#aaaaaa" },
				{ "w":1.0,  "h":1.0,  "x":0.0 },  "1,1",
				{ "w":1.0,  "h":1.0,  "x":0.0 },  "1,2",
				{ "w":1.0,  "h":1.0,  "x":0.0 },  "1,3",
				{ "w":1.0,  "h":1.0,  "x":0.0 },  "1,4",
				{ "c":"#cccccc" },
				{ "w":1.0,  "h":1.0,  "x":0.0 },  "1,5",
				{ "w":1.0,  "h":1.0,  "x":0.0 },  "1,6",
				{ "w":1.0,  "h":1.0,  "x":0.0 },  "1,7",
				{ "w":1.0,  "h":1.0,  "x":0.0 },  "1,8",
				{ "w":1.0,  "h":1.0,  "x":0.0 },  "1,9",
				{ "w":1.0,  "h":1.0,  "x":0.0 },  "1,10",
				{ "w":1.0,  "h":1.0,  "x":0.0 },  "1,11",
				{ "w":1.0,  "h":1.0,  "x":0.0 },  "1,12",
				{ "c":"#777777" },
				{ "w":2.0,  "h":1.0,  "x":0.0 },  "1,13"
			],
			
			[
				{ "c":"#aaaaaa" },
				{ "w":1.5,  "h":1.0,  "x":0.0 },  "2,0",
				{ "w":1.0,  "h":1.0,  "x":0.0 },  "2,1",
				{ "w":1.0,  "h":1.0,  "x":0.0 },  "2,2",
				{ "w":1.0,  "h":1.0,  "x":0.0 },  "2,3",
				{ "c":"#cccccc" },
				{ "w":1.0,  "h":1.0,  "x":0.0 },  "2,4",
				{ "w":1.0,  "h":1.0,  "x":0.0 },  "2,5",
				{ "w":1.0,  "h":1.0,  "x":0.0 },  "2,6",
				{ "w":1.0,  "h":1.0,  "x":0.0 },  "2,7",
				{ "c":"#aaaaaa" },
				{ "w":1.0,  "h":1.0,  "x":0.0 },  "2,8",
				{ "w":1.0,  "h":1.0,  "x":0.0 },  "2,9",
				{ "w":1.0,  "h":1.0,  "x":0.0 },  "2,10",
				{ "w":1.0,  "h":1.0,  "x":0.0 },  "2,11",
				{ "c":"#cccccc" },
				{ "w":1.0,  "h":1.0,  "x":0.0 },  "2,12",
				{ "w":1.5,  "h":1.0,  "x":0.0 },  "2,13",
				{ "w":1.0,  "h":1.0,  "x":0.0 },  "3,13"
			],
			
			[
				{ "c":"#aaaaaa" },
				{ "w":1.75,	"h":1.0,  "x":0.0 },  "3,0",
				{ "w":1.0,  "h":1.0,  "x":0.0 },  "3,1",
				{ "w":1.0,  "h":1.0,  "x":0.0 },  "3,2",
				{ "w":1.0,  "h":1.0,  "x":0.0 },  "3,3",
				{ "c":"#cccccc" },
				{ "w":1.0,  "h":1.0,  "x":0.0 },  "3,4",
				{ "w":1.0,  "h":1.0,  "x":0.0 },  "3,5",
				{ "w":1.0,  "h":1.0,  "x":0.0 },  "3,6",
				{ "w":1.0,  "h":1.0,  "x":0.0 },  "3,7",
				{ "c":"#aaaaaa" },
				{ "w":1.0,  "h":1.0,  "x":0.0 },  "3,8",
				{ "w":1.0,  "h":1.0,  "x":0.0 },  "3,9",
				{ "w":1.0,  "h":1.0,  "x":0.0 },  "3,10",
				{ "w":1.0,  "h":1.0,  "x":0.0 },  "3,11",
				{ "c":"#777777" },
				{ "w":2.25, "h":1.0,  "x":0.0 },  "3,12",
				{ "c":"#cccccc" },
				{ "w":1.0,  "h":1.0,  "x":0.0 },  "5,13"
			],
			
			[
				{ "w":2.25, "h":1.0,  "x":0.0 },  "4,0",
				{ "w":1.0,  "h":1.0,  "x":0.0 },  "4,2",
				{ "w":1.0,  "h":1.0,  "x":0.0 },  "4,3",
				{ "w":1.0,  "h":1.0,  "x":0.0 },  "4,4",
				{ "c":"#aaaaaa" },
				{ "w":1.0,  "h":1.0,  "x":0.0 },  "4,5",
				{ "w":1.0,  "h":1.0,  "x":0.0 },  "4,6",
				{ "w":1.0,  "h":1.0,  "x":0.0 },  "4,7",
				{ "w":1.0,  "h":1.0,  "x":0.0 },  "4,8",
				{ "c":"#cccccc" },
				{ "w":1.0,  "h":1.0,  "x":0.0 },  "4,9",
				{ "w":1.0,  "h":1.0,  "x":0.0 },  "4,10",
				{ "w":1.0,  "h":1.0,  "x":0.0 },  "4,11",
				{ "w":1.75, "h":1.0,  "x":0.0 },  "4,12",
				{ "c":"#777777" },
				{ "w":1.0,  "h":1.0,  "x":0.0 },  "4,13"
			],
			
			[
				{ "c":"#cccccc" },
				{ "w":1.25, "h":1.0,  "x":0.0 },  "5,0",
				{ "w":1.25, "h":1.0,  "x":0.0 },  "5,1",
				{ "w":1.25, "h":1.0,  "x":0.0 },  "5,2",
				{ "c":"#777777" },
				{ "w":6.25, "h":1.0,  "x":0.0 },  "5,6",
				{ "c":"#aaaaaa" },
				{ "w":1.0,  "h":1.0,  "x":0.0 },  "5,7",
				{ "w":1.0,  "h":1.0,  "x":0.0 },  "5,8",
				{ "w":1.0,  "h":1.0,  "x":0.0 },  "5,9",
				{ "c":"#777777" },
				{ "w":1.0,  "h":1.0,  "x":0.0 },  "5,10",
				{ "w":1.0,  "h":1.0,  "x":0.0 },  "5,11",
				{ "w":1.0,  "h":1.0,  "x":0.0 },  "5,12"
			]
		]
	}
}
