{
    "name": "NEO65",
    "vendorId": "0xFFFE",
    "productId": "0x0015",
    "keycodes": ["qmk_lighting"],
    "matrix": {"rows": 5, "cols": 16},
    "customKeycodes":[
      {"name":"CUSTOM(0)","title":"BT_HOST1","shortName":"BT_HOST1"},
      {"name":"CUSTOM(1)","title":"BT_HOST2","shortName":"BT_HOST2"},
      {"name":"CUSTOM(2)","title":"BT_HOST3","shortName":"BT_HOST3"},
      {"name":"CUSTOM(3)","title":"BT_2_4G","shortName":"BT_2_4G"},
      {"name":"CUSTOM(4)","title":"BT_USB","shortName":"BT_USB"},
      {"name":"CUSTOM(5)","title":"BT_SWITCH","shortName":"BT_SW"}
    ],
    "layouts": {
        "presets": {"Default": [0,0]},
        "labels": [
          "ISO Enter",
          "Split Left Shift",
          "Split Backspace",
          "Bottom Row"
        ],
        "keymap":
        [
            [
              {
                "x": 15.5,
                "c": "#AAAAAA"
              },
              "3,12\n\n\n2,1",
              "0,13\n\n\n2,1"
            ],
            [
              {
                "y": 0.25,
                "x": 2.5
              },
              "0,0",
              {
                "c": "#cccccc"
              },
              "0,1",
              "0,2",
              "0,3",
              "0,4",
              "0,5",
              "0,6",
              "0,7",
              "0,8",
              "0,9",
              "0,10",
              "0,11",
              "0,12",
              {
                "c": "#AAAAAA",
                "w": 2
              },
              "0,13\n\n\n2,0",
              "0,15"
            ],
            [
              {
                "x": 2.5,
                "w": 1.5
              },
              "1,0",
              {
                "c": "#cccccc"
              },
              "1,1",
              "1,2",
              "1,3",
              "1,4",
              "1,5",
              "1,6",
              "1,7",
              "1,8",
              "1,9",
              "1,10",
              "1,11",
              "1,12",
              {
                "c": "#AAAAAA",
                "w": 1.5
              },
              "1,13\n\n\n0,0",
              "1,15",
              {
                "x": 1.2399999999999984,
                "c": "#777777",
                "w": 1.25,
                "h": 2,
                "w2": 1.5,
                "h2": 1,
                "x2": -0.25
              },
              "2,13\n\n\n0,1"
            ],
            [
              {
                "x": 2.5,
                "c": "#AAAAAA",
                "w": 1.75
              },
              "2,0",
              {
                "c": "#cccccc"
              },
              "2,1",
              "2,2",
              "2,3",
              "2,4",
              "2,5",
              "2,6",
              "2,7",
              "2,8",
              "2,9",
              "2,10",
              "2,11",
              {
                "c": "#777777",
                "w": 2.25
              },
              "2,13\n\n\n0,0",
              {
                "c": "#AAAAAA"
              },
              "2,15",
              {
                "x": 0.25
              },
              "2,12\n\n\n0,1"
            ],
            [
              {
                "w": 1.25
              },
              "3,0\n\n\n1,1",
              "3,1\n\n\n1,1",
              {
                "x": 0.25,
                "w": 2.25
              },
              "3,0\n\n\n1,0",
              {
                "c": "#cccccc"
              },
              "3,2",
              "3,3",
              "3,4",
              "3,5",
              "3,6",
              "3,7",
              "3,8",
              "3,9",
              "3,10",
              "3,11",
              {
                "c": "#AAAAAA",
                "w": 1.75
              },
              "3,13",
              {
                "c": "#777777"
              },
              "3,14",
              {
                "c": "#AAAAAA"
              },
              "3,15"
            ],
            [
              {
                "x": 2.5,
                "w": 1.25
              },
              "4,0\n\n\n3,0",
              {
                "w": 1.25
              },
              "4,1\n\n\n3,0",
              {
                "w": 1.25
              },
              "4,2\n\n\n3,0",
              {
                "w": 6.25
              },
              "4,6\n\n\n3,0",
              {
                "w": 1.25
              },
              "4,9\n\n\n3,0",
              {
                "w": 1.25
              },
              "4,10\n\n\n3,0",
              {
                "x": 0.5,
                "c": "#777777"
              },
              "4,13",
              "4,14",
              "4,15"
            ],
            [
              {
                "y": 0.25,
                "x": 2.5,
                "c": "#AAAAAA",
                "w": 1.5
              },
              "4,0\n\n\n3,1",
              "4,1\n\n\n3,1",
              {
                "w": 1.5
              },
              "4,2\n\n\n3,1",
              {
                "w": 7
              },
              "4,6\n\n\n3,1",
              {
                "w": 1.5
              },
              "4,10\n\n\n3,1"
            ]
          ]
   }
}
